{
  "__version__": "1.3.5",
  "log": {
    "level": 4
  },
  "common": {
    "buildPath": "project://build",
    "outputName": "windows",
    "mainBundleCompressionType": "merge_dep",
    "platform": "windows",
    "startScene": "6531e975-3e76-4bea-a80e-6a473a486405",
    "scenes": [
      {
        "url": "db://assets/scene/boowSchool.scene",
        "uuid": "ad55f41d-99f2-4054-8285-dae0ff2ccfc5",
        "inBundle": false
      },
      {
        "url": "db://assets/scene/histroy.scene",
        "uuid": "57f15cff-8ec5-4a83-b4b3-9c1bae630953",
        "inBundle": false
      },
      {
        "url": "db://assets/scene/home.scene",
        "uuid": "58c87489-8d14-4806-a472-6980e5dae6b7",
        "inBundle": false
      },
      {
        "url": "db://assets/scene/setting.scene",
        "uuid": "37d42d3b-336e-48f8-b8b8-c751ebaf77cf",
        "inBundle": false
      },
      {
        "url": "db://assets/scene/start.scene",
        "uuid": "3cbe16e1-145f-427e-88cd-e637e63d106c",
        "inBundle": false
      },
      {
        "url": "db://assets/scene/startMenu.scene",
        "uuid": "6531e975-3e76-4bea-a80e-6a473a486405",
        "inBundle": false
      },
      {
        "url": "db://assets/scene/出去走走.scene",
        "uuid": "d09aa506-23d2-47bd-a1d4-edf1d37d7045",
        "inBundle": false
      },
      {
        "url": "db://assets/scene/核平之后.scene",
        "uuid": "071127a2-4027-4a9d-8890-e5dca3c56885",
        "inBundle": false
      }
    ],
    "debug": true,
    "name": "dialogtest"
  },
  "BuildTaskManager": {
    "taskMap": {
      "1745027562240": {
        "type": "build",
        "id": "1745027562240",
        "progress": 1,
        "state": "success",
        "stage": "run",
        "message": "2025-6-6 13:46:10 run package C:\\Users\\ffgdgrrr\\Desktop\\rpg\\extensions\\build_windows_app\\main\\build\\web success!",
        "options": {
          "name": "dialogtest",
          "platform": "web-mobile",
          "buildPath": "project://extensions/build_windows_app/main/build",
          "debug": false,
          "md5Cache": false,
          "skipCompressTexture": false,
          "sourceMaps": false,
          "polyfills": {
            "asyncFunctions": true
          },
          "experimentalEraseModules": false,
          "useBuiltinServer": false,
          "mainBundleIsRemote": false,
          "mainBundleCompressionType": "merge_dep",
          "useSplashScreen": true,
          "packAutoAtlas": true,
          "startScene": "6531e975-3e76-4bea-a80e-6a473a486405",
          "outputName": "web",
          "scenes": [
            {
              "url": "db://assets/scene/setting.scene",
              "uuid": "37d42d3b-336e-48f8-b8b8-c751ebaf77cf",
              "inBundle": false
            },
            {
              "url": "db://assets/scene/start.scene",
              "uuid": "3cbe16e1-145f-427e-88cd-e637e63d106c",
              "inBundle": false
            },
            {
              "url": "db://assets/scene/startMenu.scene",
              "uuid": "6531e975-3e76-4bea-a80e-6a473a486405",
              "inBundle": false
            }
          ],
          "web-desktop": [],
          "packages": {},
          "__version__": "1.3.5",
          "web-mobile": []
        },
        "time": "2025-6-6 13:45",
        "dirty": false
      }
    }
  }
}
