{
  "__version__": "3.0.7",
  "builder": {
    "options": {
      "web-desktop": {
        "configID": "e65d04",
        "services": []
      },
      "web-mobile": {
        "configID": "e65d04",
        "services": []
      },
      "windows": {
        "configID": "e65d04",
        "services": []
      }
    },
    "taskOptionsMap": {
      "1745027562240": {
        "configID": "e65d04",
        "services": []
      },
      "1746934054564": {
        "configID": "e65d04",
        "services": [],
        "__version__": "3.0.7"
      }
    },
    "__version__": "1.3.5"
  },
  "builder-options": {
    "configID": "e65d04",
    "services": []
  }
}
