{
  "__version__": "1.0.1",
  "builder": {
    "common": {
      "buildPath": "project://extensions/build_windows_app/main/build",
      "outputName": "web",
      "mainBundleCompressionType": "merge_dep",
      "platform": "web-mobile",
      "startScene": "6531e975-3e76-4bea-a80e-6a473a486405",
      "scenes": [
        {
          "url": "db://assets/scene/boowSchool.scene",
          "uuid": "ad55f41d-99f2-4054-8285-dae0ff2ccfc5",
          "inBundle": false
        },
        {
          "url": "db://assets/scene/histroy.scene",
          "uuid": "57f15cff-8ec5-4a83-b4b3-9c1bae630953",
          "inBundle": false
        },
        {
          "url": "db://assets/scene/home.scene",
          "uuid": "58c87489-8d14-4806-a472-6980e5dae6b7",
          "inBundle": false
        },
        {
          "url": "db://assets/scene/setting.scene",
          "uuid": "37d42d3b-336e-48f8-b8b8-c751ebaf77cf",
          "inBundle": false
        },
        {
          "url": "db://assets/scene/start.scene",
          "uuid": "3cbe16e1-145f-427e-88cd-e637e63d106c",
          "inBundle": false
        },
        {
          "url": "db://assets/scene/startMenu.scene",
          "uuid": "6531e975-3e76-4bea-a80e-6a473a486405",
          "inBundle": false
        },
        {
          "url": "db://assets/scene/出去走走.scene",
          "uuid": "d09aa506-23d2-47bd-a1d4-edf1d37d7045",
          "inBundle": false
        },
        {
          "url": "db://assets/scene/核平之后.scene",
          "uuid": "071127a2-4027-4a9d-8890-e5dca3c56885",
          "inBundle": false
        }
      ],
      "name": "dialogtest"
    },
    "taskOptionsMap": {
      "1745027562240": {
        "orientation": "auto",
        "embedWebDebugger": true,
        "__version__": "1.0.1"
      }
    },
    "__version__": "1.3.5",
    "options": {
      "web-mobile": {
        "orientation": "auto",
        "embedWebDebugger": true,
        "__version__": "1.0.1"
      }
    }
  }
}
